{
  "anchor_sim_stats": {
    "A": {
      "label": "A",
      "mean_sim": 0.017463305965065956,
      "std_sim": 0.07491574436426163,
      "min_sim": -0.26055067777633667,
      "max_sim": 0.3033389449119568,
      "entropy": 2.0422063958977597
    },
    "B": {
      "label": "B",
      "mean_sim": 0.7210409045219421,
      "std_sim": 0.0374133437871933,
      "min_sim": 0.5602037310600281,
      "max_sim": 0.8896464109420776,
      "entropy": 1.3973483098106187
    },
    "C": {
      "label": "C",
      "mean_sim": 0.40186911821365356,
      "std_sim": 0.06384020298719406,
      "min_sim": 0.14928582310676575,
      "max_sim": 0.7476862668991089,
      "entropy": 1.8977519720499934
    }
  },
  "compatibility_scores": {
    "A": {
      "B": 0.4582741329827027,
      "C": 0.5508989191615559
    },
    "B": {
      "C": 0.4655316609902727
    }
  },
  "relative_repr_correlations": {
    "A×B": {
      "mean_spearman": 0.3847529840790141,
      "std_spearman": 0.08220464476007704,
      "median_spearman": 0.3905758823035292
    },
    "A×C": {
      "mean_spearman": 0.5316829799138985,
      "std_spearman": 0.07824736834083339,
      "median_spearman": 0.5444659378637514
    },
    "B×C": {
      "mean_spearman": 0.4849414147210594,
      "std_spearman": 0.08691110881863694,
      "median_spearman": 0.49336608546434185
    }
  },
  "elapsed_seconds": 36.00650477409363
}