{
  "n_pairs": 90,
  "linear": {
    "slope": -45.36727560335,
    "intercept": 109.87344395806504,
    "r2": 0.16683344835524785,
    "adj_r2": 0.15736564663201202,
    "aic": 482.17183750798137,
    "residual_std": 14.2464849822903
  },
  "poly2": {
    "coeffs": [
      -83.5573001097509,
      34.30931372004436,
      94.94261742181787
    ],
    "r2": 0.19537639349303637,
    "adj_r2": 0.17687929909057742,
    "aic": 481.0345306026915,
    "residual_std": 14.00032754720512
  },
  "delta_aic": 1.1373069052898472,
  "shapiro_wilk_linear": {
    "W": 0.9429368517248656,
    "p": 0.0006291364726291705
  },
  "same_family_mean_residual": 9.955608605343206,
  "diff_family_mean_residual": -1.8339279009842604,
  "clip_mean_residual": -59.88317367964411
}